Symbol,Direction,Entry Price,Max Size,Max Size USDT,Realized PnL,Realized PnL %,Open Time,Close Time,Runup,Drawdown
BERAUSDT,Short,6.405 USDT,"81,000","-486,884.22 USDT","-203,923.35 USDT",-41.88 %,03/11/2025 18:22 UTC,04/03/2025 11:22 UTC,11.79 % 5.73 USDT,-28.25 % 8.93 USDT
MOVEUSDT,Short,0.437 USDT,"400,000","174,847.80 USDT","9,004 USDT",5.15 %,03/30/2025 14:43 UTC,03/31/2025 00:57 UTC,5.81 % 0.41 USDT,-0.38 % 0.44 USDT
ENAUSDT,Long,0.407 USDT,"1,922,288","782,977.18 USDT","40,485 USDT",5.17 %,03/25/2025 08:24 UTC,03/27/2025 13:26 UTC,8.61 % 0.44 USDT,-1.40 % 0.40 USDT
ARUSDT,Long,6.885 USDT,"30,409.5","209,374.25 USDT","14,155 USDT",6.76 %,03/18/2025 04:29 UTC,03/23/2025 05:12 UTC,9.66 % 7.55 USDT,-5.55 % 6.50 USDT
LAYERUSDT,Short,1.04 USDT,"200,000","-208,051.26 USDT","9,568 USDT",4.60 %,03/18/2025 01:57 UTC,03/18/2025 08:39 UTC,6.07 % 0.98 USDT,-0.03 % 1.04 USDT
CAKEUSDT,Long,2.27 USDT,"300,000","680,971.10 USDT","76,337 USDT",11.21 %,02/21/2025 10:00 UTC,03/17/2025 15:38 UTC,18.49 % 2.69 USDT,-39.25 % 1.38 USDT
LINKUSDT,Short,13.937 USDT,"10,000","139,370.66 USDT","1,527 USDT",1.10 %,03/14/2025 10:33 UTC,03/15/2025 02:53 UTC,2.28 % 13.63 USDT,-4.72 % 14.63 USDT
BERAUSDT,Short,7.075 USDT,"100,000.6","-707,473.24 USDT","134,371 USDT",18.99 %,02/21/2025 09:10 UTC,03/11/2025 06:18 UTC,33.36 % 5.30 USDT,-22.26 % 9.10 USDT
MKRUSDT,Long,"1,563.753 USDT",406.55,"635,743.80 USDT","83,249 USDT",13.09 %,02/23/2025 14:15 UTC,02/27/2025 11:36 UTC,"14.85 % 1,796 USDT","-14.54 % 1,336 USDT"
SOLUSDT,Short,156.186 USDT,"2,000","312,372.03 USDT","3,965 USDT",1.27 %,02/24/2025 11:08 UTC,02/24/2025 17:18 UTC,3.17 % 151.39 USDT,-2.38 % 159.99 USDT
CAKEUSDT,Long,2.5 USDT,"200,000","499,983.39 USDT","7,464 USDT",1.49 %,02/14/2025 16:49 UTC,02/21/2025 09:20 UTC,18.00 % 2.95 USDT,-7.54 % 2.31 USDT
CAKEUSDT,Long,2.045 USDT,"338,467","692,242.17 USDT","246,761 USDT",35.65 %,02/11/2025 08:47 UTC,02/13/2025 02:41 UTC,45.49 % 2.98 USDT,-7.96 % 1.88 USDT
BERAUSDT,Long,10.063 USDT,"9,810.7","98,726.35 USDT","-28,947.22 USDT",-29.32 %,02/06/2025 15:10 UTC,02/06/2025 20:20 UTC,4.24 % 10.49 USDT,-30.18 % 7.03 USDT
MKRUSDT,Long,"1,495.118 USDT","1,000","1,495,118.44 USDT","-311,892.31 USDT",-20.86 %,12/20/2024 12:47 UTC,01/27/2025 00:51 UTC,"16.50 % 1,741 USDT","-22.08 % 1,165 USDT"
BTCUSDT,Long,"106,663.728 USDT",40,"4,266,549.12 USDT","-193,419.77 USDT",-4.53 %,12/17/2024 08:48 UTC,01/27/2025 00:51 UTC,"3.13 % 110,000 USDT","-16.65 % 88,909 USDT"
UNIUSDT,Long,14.562 USDT,"50,000","728,104.71 USDT","-155,595.01 USDT",-21.37 %,12/21/2024 07:50 UTC,01/27/2025 00:51 UTC,7.47 % 15.65 USDT,-22.59 % 11.27 USDT
SWARMSUSDT,Long,0.264 USDT,"358,067","94,669.00 USDT","-59,331.00 USDT",-62.67 %,01/10/2025 05:45 UTC,01/27/2025 00:51 UTC,44.14 % 0.38 USDT,-63.12 % 0.10 USDT
USUALUSDT,Long,0.626 USDT,"1,000,000","625,720.91 USDT","-286,110.60 USDT",-45.72 %,01/11/2025 09:39 UTC,01/27/2025 00:02 UTC,9.94 % 0.69 USDT,-50.22 % 0.31 USDT
RUNEUSDT,Short,2.054 USDT,"300,000","616,072.40 USDT","-40,110.87 USDT",-6.51 %,01/24/2025 18:49 UTC,01/25/2025 02:15 UTC,3.98 % 1.98 USDT,-5.58 % 2.18 USDT
RUNEUSDT,Long,2.439 USDT,"600,000","1,463,543.25 USDT","-213,628.44 USDT",-14.60 %,01/24/2025 10:59 UTC,01/24/2025 18:48 UTC,0.89 % 2.46 USDT,-16.65 % 2.03 USDT
LDOUSDT,Long,1.845 USDT,"200,000","368,916.59 USDT","4,441 USDT",1.20 %,01/21/2025 10:07 UTC,01/21/2025 11:35 UTC,3.24 % 1.90 USDT,-0.24 % 1.84 USDT
SOLUSDT,Long,226.989 USDT,"3,904","886,163.90 USDT","28,354 USDT",3.20 %,01/18/2025 04:14 UTC,01/18/2025 07:47 UTC,4.85 % 238.00 USDT,-1.42 % 223.76 USDT
USUALUSDT,Long,0.588 USDT,"50,731","29,830.30 USDT","1,665 USDT",5.58 %,01/10/2025 14:18 UTC,01/11/2025 05:06 UTC,20.78 % 0.71 USDT,-5.19 % 0.56 USDT
MOVEUSDT,Short,0.888 USDT,"200,000","-177,692.64 USDT","7,088 USDT",3.99 %,12/22/2024 09:47 UTC,01/09/2025 07:43 UTC,22.90 % 0.72 USDT,-22.70 % 1.15 USDT
ENAUSDT,Short,0.933 USDT,"1,550,100","-1,446,636.46 USDT","12,829 USDT",0.89 %,12/31/2024 04:44 UTC,01/09/2025 07:15 UTC,4.22 % 0.90 USDT,-28.62 % 1.31 USDT
USUALUSDT,Short,0.925 USDT,"320,000","-296,138.50 USDT","66,220 USDT",22.36 %,12/31/2024 04:24 UTC,01/09/2025 02:51 UTC,37.18 % 0.67 USDT,-12.79 % 1.06 USDT
GMTUSDT,Long,0.157 USDT,"1,000,000","156,940.33 USDT","36,424 USDT",23.21 %,12/27/2024 04:08 UTC,12/28/2024 16:29 UTC,54.00 % 0.24 USDT,-1.64 % 0.15 USDT
ENAUSDT,Short,1.026 USDT,"1,650,000","-1,692,439.17 USDT","122,382 USDT",7.23 %,12/25/2024 06:39 UTC,12/26/2024 12:52 UTC,8.85 % 0.94 USDT,-2.33 % 1.05 USDT
ENAUSDT,Short,0.949 USDT,"1,500,000","-1,423,229.17 USDT","104,439 USDT",7.34 %,12/20/2024 06:19 UTC,12/20/2024 08:51 UTC,9.34 % 0.87 USDT,-0.45 % 0.95 USDT
ENAUSDT,Short,1.042 USDT,"1,400,000","-1,458,956.07 USDT","32,619 USDT",2.24 %,12/13/2024 12:13 UTC,12/19/2024 18:30 UTC,4.64 % 1.00 USDT,-21.34 % 1.32 USDT
UNIUSDT,Long,17.281 USDT,"55,028","950,946.79 USDT","2,288 USDT",0.24 %,12/16/2024 00:45 UTC,12/16/2024 01:03 UTC,1.09 % 17.47 USDT,
GMTUSDT,Short,0.242 USDT,"1,753,855","-424,744.51 USDT","74,218 USDT",17.47 %,12/07/2024 10:02 UTC,12/16/2024 00:44 UTC,39.52 % 0.17 USDT,-1.37 % 0.25 USDT
BTCUSDT,Long,"101,922.238 USDT",10,"1,019,222.38 USDT",582.72 USDT,0.06 %,12/15/2024 08:54 UTC,12/15/2024 09:27 UTC,"0.17 % 102,100 USDT","-0.06 % 101,865 USDT"
LDOUSDT,Long,2.194 USDT,"100,000","219,409.16 USDT","1,288 USDT",0.59 %,12/12/2024 13:44 UTC,12/14/2024 13:06 UTC,8.40 % 2.38 USDT,-2.46 % 2.14 USDT
MKRUSDT,Long,"1,949.804 USDT","1,000","1,949,804.46 USDT","64,983 USDT",3.33 %,12/12/2024 02:59 UTC,12/12/2024 06:15 UTC,"5.41 % 2,055 USDT","-0.63 % 1,937 USDT"
MOVEUSDT,Short,1.001 USDT,"62,000","-62,081.57 USDT","14,959 USDT",24.10 %,12/10/2024 05:27 UTC,12/10/2024 14:29 UTC,36.96 % 0.73 USDT,-2.79 % 1.03 USDT
ENAUSDT,Short,0.996 USDT,"500,000","-498,070.85 USDT","13,906 USDT",2.79 %,12/08/2024 09:49 UTC,12/09/2024 08:16 UTC,5.76 % 0.94 USDT,-3.45 % 1.03 USDT
1000WHYUSDT,Long,0 USDT,"100,000,000","25,194.46 USDT","-3,176.29 USDT",-12.61 %,11/25/2024 13:23 UTC,12/04/2024 12:06 UTC,3.99 % 0.00 USDT,-37.41 % 0.00 USDT
ARUSDT,Long,18.926 USDT,"10,000","189,255.06 USDT","86,615 USDT",45.77 %,11/18/2024 07:22 UTC,12/04/2024 12:05 UTC,53.17 % 28.99 USDT,-12.33 % 16.59 USDT
SSVUSDT,Long,28.603 USDT,"3,000","85,808.06 USDT","13,004 USDT",15.16 %,11/25/2024 16:03 UTC,12/04/2024 12:05 UTC,19.57 % 34.20 USDT,-7.07 % 26.58 USDT
AAVEUSDT,Long,170.061 USDT,"2,000","340,121.77 USDT","165,423 USDT",48.64 %,11/18/2024 07:15 UTC,12/04/2024 12:05 UTC,50.66 % 256.22 USDT,-10.71 % 151.85 USDT
UNIUSDT,Long,9.192 USDT,"50,000","459,578.34 USDT","334,851 USDT",72.86 %,11/18/2024 07:16 UTC,12/04/2024 12:04 UTC,75.57 % 16.14 USDT,-8.94 % 8.37 USDT
MKRUSDT,Long,"1,702.71 USDT",757.8,"1,290,313.80 USDT","421,004 USDT",32.63 %,11/14/2024 16:24 UTC,12/04/2024 12:04 UTC,"42.71 % 2,430 USDT","-13.90 % 1,466 USDT"
IOUSDT,Short,2.366 USDT,"11,831.2","-27,988.52 USDT","-1,856.58 USDT",-6.63 %,11/19/2024 18:06 UTC,11/24/2024 13:10 UTC,8.67 % 2.18 USDT,-15.36 % 2.80 USDT
SUIUSDT,Short,3.812 USDT,"11,174.5","-42,600.07 USDT","6,039 USDT",14.18 %,11/19/2024 18:32 UTC,11/24/2024 13:09 UTC,19.61 % 3.19 USDT,-0.71 % 3.84 USDT
AXLUSDT,Short,0.787 USDT,254,199.97 USDT,-5.61 USDT,-2.81 %,11/23/2024 17:47 UTC,11/24/2024 09:28 UTC,2.97 % 0.76 USDT,-5.95 % 0.84 USDT
ENAUSDT,Short,0.623 USDT,"500,000","-311,530.03 USDT","44,206 USDT",14.19 %,11/18/2024 16:00 UTC,11/20/2024 11:43 UTC,22.26 % 0.51 USDT,-1.12 % 0.63 USDT
MKRUSDT,Long,"1,290.523 USDT",499.976,"645,230.37 USDT","71,326 USDT",11.05 %,11/01/2024 04:58 UTC,11/14/2024 15:24 UTC,"28.32 % 1,656 USDT","-14.18 % 1,107 USDT"
ETHBTC,Long,0.041 USDT,451.64,18.32 USDT,-2.61 USDT,-14.24 %,10/25/2024 06:53 UTC,11/14/2024 15:24 UTC,0.78 % 0.04 USDT,-14.46 % 0.03 USDT
ENAUSDT,Short,0.503 USDT,"500,000","251,344.34 USDT","-32,416.57 USDT",-12.90 %,11/07/2024 14:27 UTC,11/11/2024 02:35 UTC,5.47 % 0.48 USDT,-14.00 % 0.58 USDT
ETHBTC,Long,0.043 USDT,600,25.81 USDT,-3.27 USDT,-12.68 %,08/05/2024 01:21 UTC,10/24/2024 12:39 UTC,7.09 % 0.05 USDT,-12.97 % 0.04 USDT
UNIUSDT,Long,8.279 USDT,"100,000","827,857.58 USDT","4,701 USDT",0.57 %,10/10/2024 15:54 UTC,10/22/2024 06:41 UTC,5.45 % 8.73 USDT,-13.19 % 7.19 USDT
RDNTUSDT,Long,0.077 USDT,"3,000,000","231,866.85 USDT","-31,300.81 USDT",-13.50 %,08/30/2024 13:22 UTC,10/16/2024 19:45 UTC,24.80 % 0.10 USDT,-18.33 % 0.06 USDT
1000SHIBUSDT,Short,0.017 USDT,"63,271,810","-1,102,368.97 USDT","20,078 USDT",1.82 %,07/18/2024 07:59 UTC,07/18/2024 12:45 UTC,1.20 % 0.02 USDT,-2.21 % 0.02 USDT
BNBUSDT,Long,570.629 USDT,35.46,"20,234.52 USDT",319.69 USDT,1.58 %,03/18/2024 00:21 UTC,03/25/2024 03:03 UTC,3.02 % 587.86 USDT,-12.73 % 498.00 USDT
RONINUSDT,Short,4.29 USDT,"5,000","-21,451.43 USDT","1,599 USDT",7.45 %,03/13/2024 16:08 UTC,03/18/2024 00:20 UTC,18.48 % 3.62 USDT,-2.96 % 4.42 USDT
BNBUSDT,Long,536.442 USDT,"2,000","1,072,884.79 USDT","171,359 USDT",15.97 %,03/12/2024 14:34 UTC,03/14/2024 00:40 UTC,18.31 % 634.68 USDT,-3.30 % 518.74 USDT
MYROUSDT,Short,0.329 USDT,"10,000","3,291.56 USDT",-12.02 USDT,-0.37 %,03/05/2024 13:50 UTC,03/13/2024 05:06 UTC,51.81 % 0.22 USDT,-25.80 % 0.44 USDT
MKRUSDT,Long,"2,769.116 USDT",300,"830,734.68 USDT","25,848 USDT",3.11 %,03/11/2024 00:15 UTC,03/13/2024 03:46 UTC,"6.99 % 2,962 USDT","-11.53 % 2,449 USDT"
OPUSDT,Short,4.096 USDT,"27,696.3","-113,454.47 USDT","-8,162.38 USDT",-7.19 %,03/03/2024 03:14 UTC,03/12/2024 09:08 UTC,8.37 % 3.78 USDT,-15.64 % 4.86 USDT
FETUSDT,Short,1.947 USDT,"12,644","-24,613.55 USDT","-1,723.11 USDT",-7.00 %,03/03/2024 09:25 UTC,03/12/2024 04:11 UTC,36.10 % 1.43 USDT,-37.65 % 3.12 USDT
INJUSDT,Short,41.983 USDT,"1,239.6","-52,042.31 USDT","3,194 USDT",6.14 %,03/03/2024 02:49 UTC,03/12/2024 04:06 UTC,22.61 % 34.24 USDT,-1.61 % 42.67 USDT
WLDUSDT,Short,7.896 USDT,"9,495","-74,971.23 USDT","-13,441.90 USDT",-17.93 %,03/03/2024 10:17 UTC,03/12/2024 03:51 UTC,32.99 % 5.94 USDT,-33.03 % 11.79 USDT
MKRUSDT,Short,"2,753.773 USDT",57.412,"-158,099.60 USDT",-255.33 USDT,-0.16 %,03/10/2024 16:19 UTC,03/11/2024 00:14 UTC,"1.16 % 2,722 USDT","-2.52 % 2,825 USDT"
MKRUSDT,Long,"2,517.91 USDT",278.226,"700,548.01 USDT","54,899 USDT",7.84 %,03/10/2024 04:00 UTC,03/10/2024 16:15 UTC,"9.91 % 2,767 USDT","-2.13 % 2,464 USDT"
UNIUSDT,Long,14.071 USDT,"50,000","703,563.50 USDT","11,960 USDT",1.70 %,03/09/2024 10:21 UTC,03/10/2024 04:00 UTC,2.93 % 14.48 USDT,-1.05 % 13.92 USDT
SUIUSDT,Short,1.564 USDT,"60,891.9","-95,237.97 USDT","2,001 USDT",2.10 %,03/03/2024 09:29 UTC,03/09/2024 01:33 UTC,24.92 % 1.25 USDT,-2.96 % 1.61 USDT
PENDLEUSDT,Short,3.367 USDT,"1,475","-4,965.80 USDT",656.95 USDT,13.23 %,03/03/2024 09:13 UTC,03/08/2024 23:51 UTC,39.01 % 2.42 USDT,-0.40 % 3.38 USDT
ARUSDT,Long,36.2 USDT,130,"4,706.00 USDT",72.42 USDT,1.54 %,03/07/2024 00:28 UTC,03/07/2024 14:51 UTC,9.68 % 39.70 USDT,-3.64 % 34.88 USDT
BNBUSDT,Long,424.048 USDT,"3,000.56","1,272,382.25 USDT","65,924 USDT",5.18 %,03/04/2024 10:25 UTC,03/07/2024 14:50 UTC,6.07 % 449.79 USDT,-16.99 % 352.01 USDT
ONDOUSDT,Long,0.512 USDT,"155,072","79,440.33 USDT","2,234 USDT",2.81 %,03/03/2024 11:10 UTC,03/06/2024 07:47 UTC,5.96 % 0.54 USDT,-19.95 % 0.41 USDT
UNIUSDT,Long,9.17 USDT,"93,671","859,007.12 USDT","250,216 USDT",29.13 %,02/23/2024 14:30 UTC,02/24/2024 14:08 UTC,40.43 % 12.88 USDT,-4.14 % 8.79 USDT
DYDXUSDT,Long,3.568 USDT,"150,236.9","536,078.72 USDT","18,268 USDT",3.41 %,01/03/2024 12:24 UTC,02/24/2024 14:02 UTC,10.70 % 3.95 USDT,-20.24 % 2.85 USDT
